categoria,ordine,file_originale,file_portfolio,thumbnail
01_Water_Service_Malta_Bagni_Uffici,1,IMG_6997.jpeg,01_Water_Service_Malta_Bagni_Uffici/001.jpg,thumbs/01_Water_Service_Malta_Bagni_Uffici/001.jpg
01_Water_Service_Malta_Bagni_Uffici,2,IMG_6998.jpeg,01_Water_Service_Malta_Bagni_Uffici/002.jpg,thumbs/01_Water_Service_Malta_Bagni_Uffici/002.jpg
01_Water_Service_Malta_Bagni_Uffici,3,IMG_6999.jpeg,01_Water_Service_Malta_Bagni_Uffici/003.jpg,thumbs/01_Water_Service_Malta_Bagni_Uffici/003.jpg
01_Water_Service_Malta_Bagni_Uffici,4,IMG_7001.jpeg,01_Water_Service_Malta_Bagni_Uffici/004.jpg,thumbs/01_Water_Service_Malta_Bagni_Uffici/004.jpg
01_Water_Service_Malta_Bagni_Uffici,5,IMG_7002.jpeg,01_Water_Service_Malta_Bagni_Uffici/005.jpg,thumbs/01_Water_Service_Malta_Bagni_Uffici/005.jpg
01_Water_Service_Malta_Bagni_Uffici,6,IMG_7003.jpeg,01_Water_Service_Malta_Bagni_Uffici/006.jpg,thumbs/01_Water_Service_Malta_Bagni_Uffici/006.jpg
01_Water_Service_Malta_Bagni_Uffici,7,IMG_7004.jpeg,01_Water_Service_Malta_Bagni_Uffici/007.jpg,thumbs/01_Water_Service_Malta_Bagni_Uffici/007.jpg
01_Water_Service_Malta_Bagni_Uffici,8,IMG_7005.jpeg,01_Water_Service_Malta_Bagni_Uffici/008.jpg,thumbs/01_Water_Service_Malta_Bagni_Uffici/008.jpg
02_Centrale_Termica_Comune_Zimone_BI,1,IMG_7006.jpeg,02_Centrale_Termica_Comune_Zimone_BI/001.jpg,thumbs/02_Centrale_Termica_Comune_Zimone_BI/001.jpg
02_Centrale_Termica_Comune_Zimone_BI,2,IMG_7007.jpeg,02_Centrale_Termica_Comune_Zimone_BI/002.jpg,thumbs/02_Centrale_Termica_Comune_Zimone_BI/002.jpg
02_Centrale_Termica_Comune_Zimone_BI,3,IMG_7008.jpeg,02_Centrale_Termica_Comune_Zimone_BI/003.jpg,thumbs/02_Centrale_Termica_Comune_Zimone_BI/003.jpg
02_Centrale_Termica_Comune_Zimone_BI,4,IMG_7009.jpeg,02_Centrale_Termica_Comune_Zimone_BI/004.jpg,thumbs/02_Centrale_Termica_Comune_Zimone_BI/004.jpg
02_Centrale_Termica_Comune_Zimone_BI,5,IMG_7010.jpeg,02_Centrale_Termica_Comune_Zimone_BI/005.jpg,thumbs/02_Centrale_Termica_Comune_Zimone_BI/005.jpg
02_Centrale_Termica_Comune_Zimone_BI,6,IMG_7011.jpeg,02_Centrale_Termica_Comune_Zimone_BI/006.jpg,thumbs/02_Centrale_Termica_Comune_Zimone_BI/006.jpg
02_Centrale_Termica_Comune_Zimone_BI,7,IMG_7012.jpeg,02_Centrale_Termica_Comune_Zimone_BI/007.jpg,thumbs/02_Centrale_Termica_Comune_Zimone_BI/007.jpg
02_Centrale_Termica_Comune_Zimone_BI,8,IMG_7013.jpeg,02_Centrale_Termica_Comune_Zimone_BI/008.jpg,thumbs/02_Centrale_Termica_Comune_Zimone_BI/008.jpg
02_Centrale_Termica_Comune_Zimone_BI,9,IMG_7014.jpeg,02_Centrale_Termica_Comune_Zimone_BI/009.jpg,thumbs/02_Centrale_Termica_Comune_Zimone_BI/009.jpg
02_Centrale_Termica_Comune_Zimone_BI,10,IMG_7015.jpeg,02_Centrale_Termica_Comune_Zimone_BI/010.jpg,thumbs/02_Centrale_Termica_Comune_Zimone_BI/010.jpg
03_Centrali_Termiche,1,IMG_0485.jpeg,03_Centrali_Termiche/001.jpg,thumbs/03_Centrali_Termiche/001.jpg
03_Centrali_Termiche,2,IMG_0486.jpeg,03_Centrali_Termiche/002.jpg,thumbs/03_Centrali_Termiche/002.jpg
03_Centrali_Termiche,3,IMG_0487.jpeg,03_Centrali_Termiche/003.jpg,thumbs/03_Centrali_Termiche/003.jpg
03_Centrali_Termiche,4,IMG_0508.jpeg,03_Centrali_Termiche/004.jpg,thumbs/03_Centrali_Termiche/004.jpg
03_Centrali_Termiche,5,IMG_0509.jpeg,03_Centrali_Termiche/005.jpg,thumbs/03_Centrali_Termiche/005.jpg
03_Centrali_Termiche,6,IMG_0510.jpeg,03_Centrali_Termiche/006.jpg,thumbs/03_Centrali_Termiche/006.jpg
03_Centrali_Termiche,7,IMG_0664.jpeg,03_Centrali_Termiche/007.jpg,thumbs/03_Centrali_Termiche/007.jpg
03_Centrali_Termiche,8,IMG_0665.jpeg,03_Centrali_Termiche/008.jpg,thumbs/03_Centrali_Termiche/008.jpg
03_Centrali_Termiche,9,IMG_0666.jpeg,03_Centrali_Termiche/009.jpg,thumbs/03_Centrali_Termiche/009.jpg
03_Centrali_Termiche,10,IMG_0669.jpeg,03_Centrali_Termiche/010.jpg,thumbs/03_Centrali_Termiche/010.jpg
03_Centrali_Termiche,11,IMG_1935.jpeg,03_Centrali_Termiche/011.jpg,thumbs/03_Centrali_Termiche/011.jpg
03_Centrali_Termiche,12,IMG_2356.jpeg,03_Centrali_Termiche/012.jpg,thumbs/03_Centrali_Termiche/012.jpg
03_Centrali_Termiche,13,IMG_7026.jpeg,03_Centrali_Termiche/013.jpg,thumbs/03_Centrali_Termiche/013.jpg
03_Centrali_Termiche,14,IMG_7027.jpeg,03_Centrali_Termiche/014.jpg,thumbs/03_Centrali_Termiche/014.jpg
03_Centrali_Termiche,15,IMG_7028.jpeg,03_Centrali_Termiche/015.jpg,thumbs/03_Centrali_Termiche/015.jpg
03_Centrali_Termiche,16,IMG_7029.jpeg,03_Centrali_Termiche/016.jpg,thumbs/03_Centrali_Termiche/016.jpg
03_Centrali_Termiche,17,IMG_7030.jpeg,03_Centrali_Termiche/017.jpg,thumbs/03_Centrali_Termiche/017.jpg
03_Centrali_Termiche,18,IMG_7031.jpeg,03_Centrali_Termiche/018.jpg,thumbs/03_Centrali_Termiche/018.jpg
03_Centrali_Termiche,19,IMG_7032.jpeg,03_Centrali_Termiche/019.jpg,thumbs/03_Centrali_Termiche/019.jpg
03_Centrali_Termiche,20,IMG_7033.jpeg,03_Centrali_Termiche/020.jpg,thumbs/03_Centrali_Termiche/020.jpg
03_Centrali_Termiche,21,IMG_7034.jpeg,03_Centrali_Termiche/021.jpg,thumbs/03_Centrali_Termiche/021.jpg
03_Centrali_Termiche,22,IMG_7035.jpeg,03_Centrali_Termiche/022.jpg,thumbs/03_Centrali_Termiche/022.jpg
03_Centrali_Termiche,23,4c6564a7-37dc-40bc-bf7b-7b8a824fdde9.JPG,03_Centrali_Termiche/023.jpg,thumbs/03_Centrali_Termiche/023.jpg
04_Villa_Dott_Tavolaccini,1,IMG_0986.jpeg,04_Villa_Dott_Tavolaccini/001.jpg,thumbs/04_Villa_Dott_Tavolaccini/001.jpg
04_Villa_Dott_Tavolaccini,2,IMG_0987.jpeg,04_Villa_Dott_Tavolaccini/002.jpg,thumbs/04_Villa_Dott_Tavolaccini/002.jpg
04_Villa_Dott_Tavolaccini,3,IMG_0989.jpeg,04_Villa_Dott_Tavolaccini/003.jpg,thumbs/04_Villa_Dott_Tavolaccini/003.jpg
04_Villa_Dott_Tavolaccini,4,0596616B-D55F-4E79-8FAC-F7D92E4AB9C2.jpeg,04_Villa_Dott_Tavolaccini/004.jpg,thumbs/04_Villa_Dott_Tavolaccini/004.jpg
04_Villa_Dott_Tavolaccini,5,308372C2-3DF2-48FF-96C0-C19C02F1EDC4.jpeg,04_Villa_Dott_Tavolaccini/005.jpg,thumbs/04_Villa_Dott_Tavolaccini/005.jpg
04_Villa_Dott_Tavolaccini,6,895A16A7-A180-4412-A700-D21D27E8F005.jpeg,04_Villa_Dott_Tavolaccini/006.jpg,thumbs/04_Villa_Dott_Tavolaccini/006.jpg
04_Villa_Dott_Tavolaccini,7,BDBD9998-6F31-4F14-908D-121781B8B0FA.jpeg,04_Villa_Dott_Tavolaccini/007.jpg,thumbs/04_Villa_Dott_Tavolaccini/007.jpg
04_Villa_Dott_Tavolaccini,8,C3FA9699-D3B9-46AC-8262-4ED972343954.jpeg,04_Villa_Dott_Tavolaccini/008.jpg,thumbs/04_Villa_Dott_Tavolaccini/008.jpg
04_Villa_Dott_Tavolaccini,9,C5D1D1F2-B6C4-423F-9BDA-058DBC1A28DD.jpeg,04_Villa_Dott_Tavolaccini/009.jpg,thumbs/04_Villa_Dott_Tavolaccini/009.jpg
04_Villa_Dott_Tavolaccini,10,D40E64F7-BCE2-4246-AA0C-C1CE49A8DE00.jpeg,04_Villa_Dott_Tavolaccini/010.jpg,thumbs/04_Villa_Dott_Tavolaccini/010.jpg
04_Villa_Dott_Tavolaccini,11,E1AA653F-79CE-464E-A52F-26EDF7C0647A.jpeg,04_Villa_Dott_Tavolaccini/011.jpg,thumbs/04_Villa_Dott_Tavolaccini/011.jpg
05_Lavori_a_Malta,1,IMG_1388.jpeg,05_Lavori_a_Malta/001.jpg,thumbs/05_Lavori_a_Malta/001.jpg
05_Lavori_a_Malta,2,IMG_1800.jpg,05_Lavori_a_Malta/002.jpg,thumbs/05_Lavori_a_Malta/002.jpg
05_Lavori_a_Malta,3,IMG_2139.jpeg,05_Lavori_a_Malta/003.jpg,thumbs/05_Lavori_a_Malta/003.jpg
05_Lavori_a_Malta,4,IMG_2140.jpeg,05_Lavori_a_Malta/004.jpg,thumbs/05_Lavori_a_Malta/004.jpg
05_Lavori_a_Malta,5,IMG_2141.jpeg,05_Lavori_a_Malta/005.jpg,thumbs/05_Lavori_a_Malta/005.jpg
05_Lavori_a_Malta,6,IMG_2142.jpeg,05_Lavori_a_Malta/006.jpg,thumbs/05_Lavori_a_Malta/006.jpg
05_Lavori_a_Malta,7,IMG_2143.jpeg,05_Lavori_a_Malta/007.jpg,thumbs/05_Lavori_a_Malta/007.jpg
05_Lavori_a_Malta,8,IMG_2349.jpeg,05_Lavori_a_Malta/008.jpg,thumbs/05_Lavori_a_Malta/008.jpg
05_Lavori_a_Malta,9,IMG_2352.jpeg,05_Lavori_a_Malta/009.jpg,thumbs/05_Lavori_a_Malta/009.jpg
05_Lavori_a_Malta,10,IMG_5467.jpeg,05_Lavori_a_Malta/010.jpg,thumbs/05_Lavori_a_Malta/010.jpg
05_Lavori_a_Malta,11,IMG_7016.jpeg,05_Lavori_a_Malta/011.jpg,thumbs/05_Lavori_a_Malta/011.jpg
05_Lavori_a_Malta,12,IMG_7017.jpeg,05_Lavori_a_Malta/012.jpg,thumbs/05_Lavori_a_Malta/012.jpg
05_Lavori_a_Malta,13,IMG_7018.jpeg,05_Lavori_a_Malta/013.jpg,thumbs/05_Lavori_a_Malta/013.jpg
05_Lavori_a_Malta,14,IMG_7019.jpeg,05_Lavori_a_Malta/014.jpg,thumbs/05_Lavori_a_Malta/014.jpg
05_Lavori_a_Malta,15,IMG_7020.jpeg,05_Lavori_a_Malta/015.jpg,thumbs/05_Lavori_a_Malta/015.jpg
05_Lavori_a_Malta,16,IMG_7021.jpeg,05_Lavori_a_Malta/016.jpg,thumbs/05_Lavori_a_Malta/016.jpg
05_Lavori_a_Malta,17,IMG_7022.jpeg,05_Lavori_a_Malta/017.jpg,thumbs/05_Lavori_a_Malta/017.jpg
05_Lavori_a_Malta,18,IMG_7023.jpeg,05_Lavori_a_Malta/018.jpg,thumbs/05_Lavori_a_Malta/018.jpg
05_Lavori_a_Malta,19,IMG_7024.jpeg,05_Lavori_a_Malta/019.jpg,thumbs/05_Lavori_a_Malta/019.jpg
05_Lavori_a_Malta,20,IMG_7025.jpeg,05_Lavori_a_Malta/020.jpg,thumbs/05_Lavori_a_Malta/020.jpg
05_Lavori_a_Malta,21,010A7B19-65FB-403D-B138-14665B49F841.jpeg,05_Lavori_a_Malta/021.jpg,thumbs/05_Lavori_a_Malta/021.jpg
05_Lavori_a_Malta,22,093981C0-9344-44E4-AB21-953DA786E74D.jpeg,05_Lavori_a_Malta/022.jpg,thumbs/05_Lavori_a_Malta/022.jpg
05_Lavori_a_Malta,23,0BCEFC8A-33E9-4122-9A20-B83C131F814F.jpeg,05_Lavori_a_Malta/023.jpg,thumbs/05_Lavori_a_Malta/023.jpg
05_Lavori_a_Malta,24,0FB7BA0B-2351-42B6-B04B-339BA2BEA0E9.jpeg,05_Lavori_a_Malta/024.jpg,thumbs/05_Lavori_a_Malta/024.jpg
05_Lavori_a_Malta,25,1B58ABC8-D294-4B82-B263-6B03758136A5.jpeg,05_Lavori_a_Malta/025.jpg,thumbs/05_Lavori_a_Malta/025.jpg
05_Lavori_a_Malta,26,1F59EDA2-9428-46A4-A7A9-903E70881FB9.jpeg,05_Lavori_a_Malta/026.jpg,thumbs/05_Lavori_a_Malta/026.jpg
05_Lavori_a_Malta,27,2659CB22-74CE-4F6B-8C6E-F0D9D9C0D6C2.jpeg,05_Lavori_a_Malta/027.jpg,thumbs/05_Lavori_a_Malta/027.jpg
05_Lavori_a_Malta,28,27ADBBBC-4ECF-4BD6-BFB4-CA6B95F145E8.jpeg,05_Lavori_a_Malta/028.jpg,thumbs/05_Lavori_a_Malta/028.jpg
05_Lavori_a_Malta,29,2869ECD8-6410-42D5-84A4-5A2CFB43F95E.jpeg,05_Lavori_a_Malta/029.jpg,thumbs/05_Lavori_a_Malta/029.jpg
05_Lavori_a_Malta,30,2DF29E80-3A80-4DB0-B0E8-17696FD42846.jpeg,05_Lavori_a_Malta/030.jpg,thumbs/05_Lavori_a_Malta/030.jpg
05_Lavori_a_Malta,31,2F236664-4329-4967-BADA-AD09AE11EC46.jpeg,05_Lavori_a_Malta/031.jpg,thumbs/05_Lavori_a_Malta/031.jpg
05_Lavori_a_Malta,32,388332E5-B6BA-4FFC-BA62-CE79342FF38C.jpeg,05_Lavori_a_Malta/032.jpg,thumbs/05_Lavori_a_Malta/032.jpg
05_Lavori_a_Malta,33,43C2F48E-049D-4C58-BD30-BF6FA2A0B965.jpeg,05_Lavori_a_Malta/033.jpg,thumbs/05_Lavori_a_Malta/033.jpg
05_Lavori_a_Malta,34,446FD871-43CC-4B83-815E-00C5D9C7B002.jpeg,05_Lavori_a_Malta/034.jpg,thumbs/05_Lavori_a_Malta/034.jpg
05_Lavori_a_Malta,35,451420D9-046C-4FD5-88D7-3BC812590555.jpeg,05_Lavori_a_Malta/035.jpg,thumbs/05_Lavori_a_Malta/035.jpg
05_Lavori_a_Malta,36,45A85029-7C0F-489B-9466-05BD63C6B89B.jpeg,05_Lavori_a_Malta/036.jpg,thumbs/05_Lavori_a_Malta/036.jpg
05_Lavori_a_Malta,37,463D6F21-C971-4405-B1A4-60A5838A34FD.jpeg,05_Lavori_a_Malta/037.jpg,thumbs/05_Lavori_a_Malta/037.jpg
05_Lavori_a_Malta,38,47F5A652-5999-4ADF-8EC9-B6C1DCD68269.jpeg,05_Lavori_a_Malta/038.jpg,thumbs/05_Lavori_a_Malta/038.jpg
05_Lavori_a_Malta,39,509E3E90-F31A-42EB-9598-402DC12D6F05.jpeg,05_Lavori_a_Malta/039.jpg,thumbs/05_Lavori_a_Malta/039.jpg
05_Lavori_a_Malta,40,5633B693-F414-41D8-9ED5-70C59243A531.jpeg,05_Lavori_a_Malta/040.jpg,thumbs/05_Lavori_a_Malta/040.jpg
05_Lavori_a_Malta,41,588D9E33-9352-433F-9C28-F99F26118CB6.jpeg,05_Lavori_a_Malta/041.jpg,thumbs/05_Lavori_a_Malta/041.jpg
05_Lavori_a_Malta,42,59400B87-85CE-4433-9150-15AF887DA610.jpeg,05_Lavori_a_Malta/042.jpg,thumbs/05_Lavori_a_Malta/042.jpg
05_Lavori_a_Malta,43,5BBABC93-8A6E-4CEA-9FDB-8C90F7CE754A.jpeg,05_Lavori_a_Malta/043.jpg,thumbs/05_Lavori_a_Malta/043.jpg
05_Lavori_a_Malta,44,641FB67F-87E6-4BE1-A599-93CA65FB25E5.jpeg,05_Lavori_a_Malta/044.jpg,thumbs/05_Lavori_a_Malta/044.jpg
05_Lavori_a_Malta,45,655D250F-30D8-4493-99C4-96E3B94BD22B.jpeg,05_Lavori_a_Malta/045.jpg,thumbs/05_Lavori_a_Malta/045.jpg
05_Lavori_a_Malta,46,660481EB-48DF-4058-8EB9-169B88C02D6D.jpeg,05_Lavori_a_Malta/046.jpg,thumbs/05_Lavori_a_Malta/046.jpg
05_Lavori_a_Malta,47,6A6EAEEE-0588-4145-AA3D-1ACE11EFC0DB.jpeg,05_Lavori_a_Malta/047.jpg,thumbs/05_Lavori_a_Malta/047.jpg
05_Lavori_a_Malta,48,6B9DBEEC-BB6F-4081-875E-6FC22D042CFC.jpeg,05_Lavori_a_Malta/048.jpg,thumbs/05_Lavori_a_Malta/048.jpg
05_Lavori_a_Malta,49,6D4292C8-3341-4909-814E-45FCFE028743.jpeg,05_Lavori_a_Malta/049.jpg,thumbs/05_Lavori_a_Malta/049.jpg
05_Lavori_a_Malta,50,7E7F2DFD-463E-4AC4-ADA8-4BBFDEBC8635.jpeg,05_Lavori_a_Malta/050.jpg,thumbs/05_Lavori_a_Malta/050.jpg
05_Lavori_a_Malta,51,86F25E58-E87B-4DF8-9C96-3B31E7517707.jpeg,05_Lavori_a_Malta/051.jpg,thumbs/05_Lavori_a_Malta/051.jpg
05_Lavori_a_Malta,52,8A0AF0B9-E10F-4E7F-82B5-40D09C694F7F.jpeg,05_Lavori_a_Malta/052.jpg,thumbs/05_Lavori_a_Malta/052.jpg
05_Lavori_a_Malta,53,8DCFCD6C-77EA-4654-B1F9-800C44E3036F.jpeg,05_Lavori_a_Malta/053.jpg,thumbs/05_Lavori_a_Malta/053.jpg
05_Lavori_a_Malta,54,95B48849-3229-471B-A770-F5738B7F32D8.jpeg,05_Lavori_a_Malta/054.jpg,thumbs/05_Lavori_a_Malta/054.jpg
05_Lavori_a_Malta,55,9D1C0B76-7825-4B79-BF25-A267DDD8C547.jpeg,05_Lavori_a_Malta/055.jpg,thumbs/05_Lavori_a_Malta/055.jpg
05_Lavori_a_Malta,56,A2D11C3C-D1F2-421A-9496-46D8B11D7E35.jpeg,05_Lavori_a_Malta/056.jpg,thumbs/05_Lavori_a_Malta/056.jpg
05_Lavori_a_Malta,57,AD1115D4-8C7E-4F0E-BD34-B4D9A53DA125.jpeg,05_Lavori_a_Malta/057.jpg,thumbs/05_Lavori_a_Malta/057.jpg
05_Lavori_a_Malta,58,B056FBA7-348F-4803-867D-2FBD0910175B.jpeg,05_Lavori_a_Malta/058.jpg,thumbs/05_Lavori_a_Malta/058.jpg
05_Lavori_a_Malta,59,BF133AEC-4B58-44AE-820D-EB2DC98678F4.jpeg,05_Lavori_a_Malta/059.jpg,thumbs/05_Lavori_a_Malta/059.jpg
05_Lavori_a_Malta,60,C1309068-4E67-4860-84A3-D844455567B7.jpeg,05_Lavori_a_Malta/060.jpg,thumbs/05_Lavori_a_Malta/060.jpg
05_Lavori_a_Malta,61,C3A1A99F-7E04-467A-948D-3EDC3FB1AA6E.jpeg,05_Lavori_a_Malta/061.jpg,thumbs/05_Lavori_a_Malta/061.jpg
05_Lavori_a_Malta,62,C47CC6A9-A56B-49FF-A67B-35BBADC9D529.jpeg,05_Lavori_a_Malta/062.jpg,thumbs/05_Lavori_a_Malta/062.jpg
05_Lavori_a_Malta,63,C78C7CE9-E733-4A71-AD2C-43FECA132EFC.jpeg,05_Lavori_a_Malta/063.jpg,thumbs/05_Lavori_a_Malta/063.jpg
05_Lavori_a_Malta,64,DC035410-4F8C-4D69-868D-4A89AF86FA1B.jpeg,05_Lavori_a_Malta/064.jpg,thumbs/05_Lavori_a_Malta/064.jpg
05_Lavori_a_Malta,65,E8669795-2528-4DC4-9B6A-FC6BDBB5C085.jpeg,05_Lavori_a_Malta/065.jpg,thumbs/05_Lavori_a_Malta/065.jpg
05_Lavori_a_Malta,66,EB2CA4AD-9C9C-4937-A7CB-EB57E1BA4189.jpeg,05_Lavori_a_Malta/066.jpg,thumbs/05_Lavori_a_Malta/066.jpg
05_Lavori_a_Malta,67,EB78B593-41E7-4C01-8CE7-A17CAD102C49.jpeg,05_Lavori_a_Malta/067.jpg,thumbs/05_Lavori_a_Malta/067.jpg
05_Lavori_a_Malta,68,F7EB5A6B-7107-45A2-8E17-3E0A6B42D6BD.jpeg,05_Lavori_a_Malta/068.jpg,thumbs/05_Lavori_a_Malta/068.jpg
05_Lavori_a_Malta,69,FA7B0C26-4845-4CF9-9708-DEDC0ACE88FA.jpeg,05_Lavori_a_Malta/069.jpg,thumbs/05_Lavori_a_Malta/069.jpg
05_Lavori_a_Malta,70,FD8131C5-C5E7-4D67-A84E-DEE4448156DA.jpeg,05_Lavori_a_Malta/070.jpg,thumbs/05_Lavori_a_Malta/070.jpg
